Zone,Date,Flags
north-vancouver-1-yellow,2011-1-4,gry
north-vancouver-1-yellow,2011-1-11,gry
north-vancouver-1-yellow,2011-1-18,gry
north-vancouver-1-yellow,2011-1-25,gry
north-vancouver-1-yellow,2011-2-1,gry
north-vancouver-1-yellow,2011-2-8,gry
north-vancouver-1-yellow,2011-2-15,gry
north-vancouver-1-yellow,2011-2-22,gry
north-vancouver-1-yellow,2011-3-1,gry
north-vancouver-1-yellow,2011-8-3,gry
north-vancouver-1-yellow,2011-3-15,gry
north-vancouver-1-yellow,2011-3-22,gry
north-vancouver-1-yellow,2011-3-29,gry
north-vancouver-1-yellow,2011-4-5,gry
north-vancouver-1-yellow,2011-4-12,gry
north-vancouver-1-yellow,2011-4-19,gry
north-vancouver-1-yellow,2011-4-28,gry
north-vancouver-1-yellow,2011-5-5,gry
north-vancouver-1-yellow,2011-5-12,gry
north-vancouver-1-yellow,2011-5-19,gry
north-vancouver-1-yellow,2011-5-27,gry
north-vancouver-1-yellow,2011-6-3,gry
north-vancouver-1-yellow,2011-6-10,gry
north-vancouver-1-yellow,2011-6-17,gry
north-vancouver-1-yellow,2011-6-24,gry
north-vancouver-1-yellow,2011-7-4,gry
north-vancouver-1-yellow,2011-7-11,gry
north-vancouver-1-yellow,2011-7-18,gry
north-vancouver-1-yellow,2011-7-25,gry
north-vancouver-1-yellow,2011-8-2,gry
north-vancouver-1-yellow,2011-8-9,gry
north-vancouver-1-yellow,2011-8-16,gry
north-vancouver-1-yellow,2011-8-23,gry
north-vancouver-1-yellow,2011-8-30,gry
north-vancouver-1-yellow,2011-9-7,gry
north-vancouver-1-yellow,2011-9-14,gry
north-vancouver-1-yellow,2011-9-21,gry
north-vancouver-1-yellow,2011-9-28,gry
north-vancouver-1-yellow,2011-10-5,gry
north-vancouver-1-yellow,2011-10-13,gry
north-vancouver-1-yellow,2011-10-20,gry
north-vancouver-1-yellow,2011-10-27,gry
north-vancouver-1-yellow,2011-11-3,gry
north-vancouver-1-yellow,2011-11-10,gry
north-vancouver-1-yellow,2011-11-18,gry
north-vancouver-1-yellow,2011-11-25,gry
north-vancouver-1-yellow,2011-12-2,gry
north-vancouver-1-yellow,2011-12-9,gry
north-vancouver-1-yellow,2011-12-16,gry
north-vancouver-1-yellow,2011-12-23,gry
north-vancouver-1-yellow,2012-1-4,gry
north-vancouver-1-yellow,2012-1-11,gry
north-vancouver-1-yellow,2012-1-18,gry
north-vancouver-1-yellow,2012-1-25,gry
north-vancouver-2-green,2011-1-5,gry
north-vancouver-2-green,2011-1-12,gry
north-vancouver-2-green,2011-1-19,gry
north-vancouver-2-green,2011-1-26,gry
north-vancouver-2-green,2011-2-2,gry
north-vancouver-2-green,2011-2-9,gry
north-vancouver-2-green,2011-2-16,gry
north-vancouver-2-green,2011-2-23,gry
north-vancouver-2-green,2011-3-2,gry
north-vancouver-2-green,2011-3-9,gry
north-vancouver-2-green,2011-3-16,gry
north-vancouver-2-green,2011-3-23,gry
north-vancouver-2-green,2011-3-30,gry
north-vancouver-2-green,2011-4-6,gry
north-vancouver-2-green,2011-4-13,gry
north-vancouver-2-green,2011-4-20,gry
north-vancouver-2-green,2011-4-29,gry
north-vancouver-2-green,2011-5-6,gry
north-vancouver-2-green,2011-5-13,gry
north-vancouver-2-green,2011-5-20,gry
north-vancouver-2-green,2011-5-30,gry
north-vancouver-2-green,2011-6-6,gry
north-vancouver-2-green,2011-6-13,gry
north-vancouver-2-green,2011-6-20,gry
north-vancouver-2-green,2011-6-27,gry
north-vancouver-2-green,2011-7-5,gry
north-vancouver-2-green,2011-7-12,gry
north-vancouver-2-green,2011-7-19,gry
north-vancouver-2-green,2011-7-26,gry
north-vancouver-2-green,2011-8-3,gry
north-vancouver-2-green,2011-8-10,gry
north-vancouver-2-green,2011-8-17,gry
north-vancouver-2-green,2011-8-24,gry
north-vancouver-2-green,2011-8-31,gry
north-vancouver-2-green,2011-9-8,gry
north-vancouver-2-green,2011-9-15,gry
north-vancouver-2-green,2011-9-22,gry
north-vancouver-2-green,2011-9-29,gry
north-vancouver-2-green,2011-10-6,gry
north-vancouver-2-green,2011-10-14,gry
north-vancouver-2-green,2011-10-21,gry
north-vancouver-2-green,2011-10-28,gry
north-vancouver-2-green,2011-11-4,gry
north-vancouver-2-green,2011-11-14,gry
north-vancouver-2-green,2011-11-21,gry
north-vancouver-2-green,2011-11-28,gry
north-vancouver-2-green,2011-12-5,gry
north-vancouver-2-green,2011-12-12,gry
north-vancouver-2-green,2011-12-19,gry
north-vancouver-2-green,2011-12-28,gry
north-vancouver-2-green,2012-1-5,gry
north-vancouver-2-green,2012-1-12,gry
north-vancouver-2-green,2012-1-19,gry
north-vancouver-2-green,2012-1-26,gry
north-vancouver-3-blue,2011-1-6,gry
north-vancouver-3-blue,2011-1-13,gry
north-vancouver-3-blue,2011-1-20,gry
north-vancouver-3-blue,2011-1-27,gry
north-vancouver-3-blue,2011-2-3,gry
north-vancouver-3-blue,2011-2-10,gry
north-vancouver-3-blue,2011-2-17,gry
north-vancouver-3-blue,2011-2-24,gry
north-vancouver-3-blue,2011-3-3,gry
north-vancouver-3-blue,2011-3-10,gry
north-vancouver-3-blue,2011-3-17,gry
north-vancouver-3-blue,2011-3-24,gry
north-vancouver-3-blue,2011-3-31,gry
north-vancouver-3-blue,2011-4-7,gry
north-vancouver-3-blue,2011-4-14,gry
north-vancouver-3-blue,2011-4-21,gry
north-vancouver-3-blue,2011-5-2,gry
north-vancouver-3-blue,2011-5-9,gry
north-vancouver-3-blue,2011-5-16,gry
north-vancouver-3-blue,2011-5-24,gry
north-vancouver-3-blue,2011-5-31,gry
north-vancouver-3-blue,2011-6-7,gry
north-vancouver-3-blue,2011-6-14,gry
north-vancouver-3-blue,2011-6-21,gry
north-vancouver-3-blue,2011-6-28,gry
north-vancouver-3-blue,2011-7-6,gry
north-vancouver-3-blue,2011-7-13,gry
north-vancouver-3-blue,2011-7-20,gry
north-vancouver-3-blue,2011-7-27,gry
north-vancouver-3-blue,2011-8-4,gry
north-vancouver-3-blue,2011-8-11,gry
north-vancouver-3-blue,2011-8-18,gry
north-vancouver-3-blue,2011-8-25,gry
north-vancouver-3-blue,2011-9-1,gry
north-vancouver-3-blue,2011-9-9,gry
north-vancouver-3-blue,2011-9-16,gry
north-vancouver-3-blue,2011-9-23,gry
north-vancouver-3-blue,2011-9-30,gry
north-vancouver-3-blue,2011-10-7,gry
north-vancouver-3-blue,2011-10-17,gry
north-vancouver-3-blue,2011-10-24,gry
north-vancouver-3-blue,2011-10-31,gry
north-vancouver-3-blue,2011-11-7,gry
north-vancouver-3-blue,2011-11-15,gry
north-vancouver-3-blue,2011-11-22,gry
north-vancouver-3-blue,2011-11-29,gry
north-vancouver-3-blue,2011-12-6,gry
north-vancouver-3-blue,2011-12-13,gry
north-vancouver-3-blue,2011-12-20,gry
north-vancouver-3-blue,2011-12-29,gry
north-vancouver-3-blue,2012-1-6,gry
north-vancouver-3-blue,2012-1-13,gry
north-vancouver-3-blue,2012-1-20,gry
north-vancouver-3-blue,2012-1-27,gry
north-vancouver-5-purple,2011-1-10,gry
north-vancouver-5-purple,2011-1-17,gry
north-vancouver-5-purple,2011-1-24,gry
north-vancouver-5-purple,2011-1-31,gry
north-vancouver-5-purple,2011-2-7,gry
north-vancouver-5-purple,2011-2-14,gry
north-vancouver-5-purple,2011-2-21,gry
north-vancouver-5-purple,2011-2-28,gry
north-vancouver-5-purple,2011-3-7,gry
north-vancouver-5-purple,2011-3-14,gry
north-vancouver-5-purple,2011-3-21,gry
north-vancouver-5-purple,2011-3-28,gry
north-vancouver-5-purple,2011-4-4,gry
north-vancouver-5-purple,2011-4-11,gry
north-vancouver-5-purple,2011-4-18,gry
north-vancouver-5-purple,2011-4-27,gry
north-vancouver-5-purple,2011-5-4,gry
north-vancouver-5-purple,2011-5-11,gry
north-vancouver-5-purple,2011-5-18,gry
north-vancouver-5-purple,2011-5-26,gry
north-vancouver-5-purple,2011-6-2,gry
north-vancouver-5-purple,2011-6-9,gry
north-vancouver-5-purple,2011-6-16,gry
north-vancouver-5-purple,2011-6-23,gry
north-vancouver-5-purple,2011-6-30,gry
north-vancouver-5-purple,2011-7-8,gry
north-vancouver-5-purple,2011-7-15,gry
north-vancouver-5-purple,2011-7-22,gry
north-vancouver-5-purple,2011-7-29,gry
north-vancouver-5-purple,2011-8-8,gry
north-vancouver-5-purple,2011-8-15,gry
north-vancouver-5-purple,2011-8-22,gry
north-vancouver-5-purple,2011-8-29,gry
north-vancouver-5-purple,2011-9-6,gry
north-vancouver-5-purple,2011-9-13,gry
north-vancouver-5-purple,2011-9-20,gry
north-vancouver-5-purple,2011-9-27,gry
north-vancouver-5-purple,2011-10-4,gry
north-vancouver-5-purple,2011-10-12,gry
north-vancouver-5-purple,2011-10-19,gry
north-vancouver-5-purple,2011-10-26,gry
north-vancouver-5-purple,2011-11-2,gry
north-vancouver-5-purple,2011-11-9,gry
north-vancouver-5-purple,2011-11-17,gry
north-vancouver-5-purple,2011-11-24,gry
north-vancouver-5-purple,2011-12-1,gry
north-vancouver-5-purple,2011-12-8,gry
north-vancouver-5-purple,2011-12-15,gry
north-vancouver-5-purple,2011-12-22,gry
north-vancouver-5-purple,2012-1-3,gry
north-vancouver-5-purple,2012-1-10,gry
north-vancouver-5-purple,2012-1-17,gry
north-vancouver-5-purple,2012-1-24,gry
north-vancouver-5-purple,2012-1-31,gry
north-vancouver-4-pink,2011-1-7,gry
north-vancouver-4-pink,2011-1-14,gry
north-vancouver-4-pink,2011-1-21,gry
north-vancouver-4-pink,2011-1-28,gry
north-vancouver-4-pink,2011-2-4,gry
north-vancouver-4-pink,2011-2-11,gry
north-vancouver-4-pink,2011-2-18,gry
north-vancouver-4-pink,2011-2-25,gry
north-vancouver-4-pink,2011-3-4,gry
north-vancouver-4-pink,2011-3-11,gry
north-vancouver-4-pink,2011-3-18,gry
north-vancouver-4-pink,2011-3-25,gry
north-vancouver-4-pink,2011-4-1,gry
north-vancouver-4-pink,2011-4-8,gry
north-vancouver-4-pink,2011-4-15,gry
north-vancouver-4-pink,2011-4-26,gry
north-vancouver-4-pink,2011-5-3,gry
north-vancouver-4-pink,2011-5-10,gry
north-vancouver-4-pink,2011-5-17,gry
north-vancouver-4-pink,2011-5-25,gry
north-vancouver-4-pink,2011-6-1,gry
north-vancouver-4-pink,2011-6-8,gry
north-vancouver-4-pink,2011-6-15,gry
north-vancouver-4-pink,2011-6-22,gry
north-vancouver-4-pink,2011-6-29,gry
north-vancouver-4-pink,2011-7-7,gry
north-vancouver-4-pink,2011-7-14,gry
north-vancouver-4-pink,2011-7-21,gry
north-vancouver-4-pink,2011-7-28,gry
north-vancouver-4-pink,2011-8-5,gry
north-vancouver-4-pink,2011-8-12,gry
north-vancouver-4-pink,2011-8-19,gry
north-vancouver-4-pink,2011-8-26,gry
north-vancouver-4-pink,2011-9-2,gry
north-vancouver-4-pink,2011-9-12,gry
north-vancouver-4-pink,2011-9-19,gry
north-vancouver-4-pink,2011-9-26,gry
north-vancouver-4-pink,2011-10-3,gry
north-vancouver-4-pink,2011-10-11,gry
north-vancouver-4-pink,2011-10-18,gry
north-vancouver-4-pink,2011-10-25,gry
north-vancouver-4-pink,2011-11-1,gry
north-vancouver-4-pink,2011-11-8,gry
north-vancouver-4-pink,2011-11-16,gry
north-vancouver-4-pink,2011-11-23,gry
north-vancouver-4-pink,2011-11-30,gry
north-vancouver-4-pink,2011-12-7,gry
north-vancouver-4-pink,2011-12-14,gry
north-vancouver-4-pink,2011-12-21,gry
north-vancouver-4-pink,2011-12-30,gry
north-vancouver-4-pink,2012-1-9,gry
north-vancouver-4-pink,2012-1-16,gry
north-vancouver-4-pink,2012-1-23,gry
north-vancouver-4-pink,2012-1-30,gry
