port-moody-monday,2011-01-04,ry
port-moody-monday,2011-01-10,gy
port-moody-monday,2011-01-17,ry
port-moody-monday,2011-01-24,gy
port-moody-monday,2011-01-31,ry
port-moody-monday,2011-02-07,gy
port-moody-monday,2011-02-14,ry
port-moody-monday,2011-02-21,gy
port-moody-monday,2011-02-28,ry
port-moody-monday,2011-03-07,gy
port-moody-monday,2011-03-14,ry
port-moody-monday,2011-03-21,gy
port-moody-monday,2011-03-28,ry
port-moody-monday,2011-04-04,gy
port-moody-monday,2011-04-11,ry
port-moody-monday,2011-04-18,gy
port-moody-monday,2011-04-26,ry
port-moody-monday,2011-05-02,gy
port-moody-monday,2011-05-09,ry
port-moody-monday,2011-05-16,gy
port-moody-monday,2011-05-24,ry
port-moody-monday,2011-05-30,gy
port-moody-monday,2011-06-06,ry
port-moody-monday,2011-06-13,gy
port-moody-monday,2011-06-20,ry
port-moody-monday,2011-06-27,gy
port-moody-monday,2011-07-04,ry
port-moody-monday,2011-07-11,gy
port-moody-monday,2011-07-18,ry
port-moody-monday,2011-07-25,gy
port-moody-monday,2011-08-02,ry
port-moody-monday,2011-08-08,gy
port-moody-monday,2011-08-15,ry
port-moody-monday,2011-08-22,gy
port-moody-monday,2011-08-29,ry
port-moody-monday,2011-09-06,gy
port-moody-monday,2011-09-12,ry
port-moody-monday,2011-09-19,gy
port-moody-monday,2011-09-26,ry
port-moody-monday,2011-10-03,gy
port-moody-monday,2011-10-11,ry
port-moody-monday,2011-10-17,gy
port-moody-monday,2011-10-24,ry
port-moody-monday,2011-10-31,gy
port-moody-monday,2011-11-07,ry
port-moody-monday,2011-11-14,gy
port-moody-monday,2011-11-21,ry
port-moody-monday,2011-11-28,gy
port-moody-monday,2011-12-05,ry
port-moody-monday,2011-12-12,gy
port-moody-monday,2011-12-19,ry
port-moody-monday,2011-12-27,gy
